Home_Team,Away_Team,Home_xG,Away_xG,Is_Played
Mexico,South Africa,1.44,0.79,0
Mexico,Canada,1.62,0.82,0
Mexico,Bosnia and Herzegovina,1.62,0.8,0
Mexico,Switzerland,1.0,1.57,0
Mexico,Brazil,0.5,2.43,0
Mexico,Morocco,0.78,1.44,0
Mexico,United States,1.01,1.49,0
Mexico,Paraguay,1.28,0.98,0
Mexico,Australia,1.59,0.94,0
Mexico,Germany,0.79,2.74,0
Mexico,Ivory Coast,1.14,1.31,0
Mexico,Ecuador,1.22,1.5,0
Mexico,Netherlands,0.78,2.14,0
Mexico,Japan,1.24,1.34,0
Mexico,Sweden,0.91,1.45,0
Mexico,Belgium,0.92,2.06,0
Mexico,Egypt,1.51,0.85,0
Mexico,Spain,0.56,2.55,0
Mexico,Cape Verde,1.93,0.67,0
Mexico,France,0.52,2.25,0
Mexico,Senegal,1.1,1.08,0
Mexico,Norway,0.92,1.39,0
Mexico,Argentina,0.66,1.96,0
Mexico,Algeria,1.4,1.38,0
Mexico,Austria,1.32,1.24,0
Mexico,Portugal,0.63,2.25,0
Mexico,DR Congo,2.01,0.74,0
Mexico,Colombia,0.84,1.34,0
Mexico,England,0.56,2.3,0
Mexico,Croatia,1.07,1.45,0
Mexico,Ghana,1.41,0.98,0
South Africa,Canada,1.01,1.12,0
South Africa,Bosnia and Herzegovina,1.1,1.08,0
South Africa,Switzerland,0.73,1.59,0
South Africa,Brazil,0.46,2.39,0
South Africa,Morocco,0.7,1.6,0
South Africa,United States,0.75,1.52,0
South Africa,Paraguay,0.96,1.22,0
South Africa,Australia,0.84,1.33,0
South Africa,Germany,0.61,2.4,0
South Africa,Ivory Coast,0.8,1.4,0
South Africa,Ecuador,0.77,1.56,0
South Africa,Netherlands,0.64,1.94,0
South Africa,Japan,0.78,1.46,0
South Africa,Sweden,0.72,1.56,0
South Africa,Belgium,0.69,1.85,0
South Africa,Egypt,0.89,1.23,0
South Africa,Spain,0.5,2.33,0
South Africa,Cape Verde,1.27,0.89,0
South Africa,France,0.48,2.29,0
South Africa,Senegal,0.8,1.37,0
South Africa,Norway,0.76,1.46,0
South Africa,Argentina,0.57,2.01,0
South Africa,Algeria,0.96,1.35,0
South Africa,Austria,0.85,1.36,0
South Africa,Portugal,0.56,2.07,0
South Africa,DR Congo,1.2,0.98,0
South Africa,Colombia,0.72,1.54,0
South Africa,England,0.52,2.21,0
South Africa,Croatia,0.75,1.52,0
South Africa,Ghana,0.97,1.21,0
Canada,Bosnia and Herzegovina,1.43,0.95,0
Canada,Switzerland,0.69,1.94,0
Canada,Brazil,0.37,2.99,0
Canada,Morocco,0.65,1.73,0
Canada,United States,0.67,1.96,0
Canada,Paraguay,0.94,1.25,0
Canada,Australia,0.96,1.44,0
Canada,Germany,0.52,3.44,0
Canada,Ivory Coast,0.77,1.66,0
Canada,Ecuador,0.75,2.06,0
Canada,Netherlands,0.56,2.63,0
Canada,Japan,0.77,1.81,0
Canada,Sweden,0.65,1.87,0
Canada,Belgium,0.61,2.64,0
Canada,Egypt,1.01,1.23,0
Canada,Spain,0.4,3.13,0
Canada,Cape Verde,1.67,0.77,0
Canada,France,0.4,2.71,0
Canada,Senegal,0.76,1.46,0
Canada,Norway,0.69,1.69,0
Canada,Argentina,0.5,2.4,0
Canada,Algeria,1.08,1.68,0
Canada,Austria,0.87,1.65,0
Canada,Portugal,0.46,2.8,0
Canada,DR Congo,1.91,0.85,0
Canada,Colombia,0.66,1.71,0
Canada,England,0.41,2.86,0
Canada,Croatia,0.71,1.86,0
Canada,Ghana,1.12,1.21,0
Bosnia and Herzegovina,Switzerland,0.74,1.78,0
Bosnia and Herzegovina,Brazil,0.45,2.54,0
Bosnia and Herzegovina,Morocco,0.68,1.65,0
Bosnia and Herzegovina,United States,0.75,1.72,0
Bosnia and Herzegovina,Paraguay,0.96,1.24,0
Bosnia and Herzegovina,Australia,0.88,1.48,0
Bosnia and Herzegovina,Germany,0.66,2.79,0
Bosnia and Herzegovina,Ivory Coast,0.84,1.51,0
Bosnia and Herzegovina,Ecuador,0.79,1.87,0
Bosnia and Herzegovina,Netherlands,0.64,2.3,0
Bosnia and Herzegovina,Japan,0.75,1.81,0
Bosnia and Herzegovina,Sweden,0.74,1.59,0
Bosnia and Herzegovina,Belgium,0.72,2.21,0
Bosnia and Herzegovina,Egypt,0.88,1.36,0
Bosnia and Herzegovina,Spain,0.46,2.76,0
Bosnia and Herzegovina,Cape Verde,1.26,1.04,0
Bosnia and Herzegovina,France,0.46,2.42,0
Bosnia and Herzegovina,Senegal,0.8,1.38,0
Bosnia and Herzegovina,Norway,0.75,1.53,0
Bosnia and Herzegovina,Argentina,0.52,2.29,0
Bosnia and Herzegovina,Algeria,1.04,1.64,0
Bosnia and Herzegovina,Austria,0.92,1.55,0
Bosnia and Herzegovina,Portugal,0.55,2.33,0
Bosnia and Herzegovina,DR Congo,1.38,1.14,0
Bosnia and Herzegovina,Colombia,0.68,1.65,0
Bosnia and Herzegovina,England,0.49,2.45,0
Bosnia and Herzegovina,Croatia,0.76,1.71,0
Bosnia and Herzegovina,Ghana,1.09,1.21,0
Switzerland,Brazil,0.68,1.79,0
Switzerland,Morocco,1.0,1.23,0
Switzerland,United States,1.33,1.11,0
Switzerland,Paraguay,1.52,0.83,0
Switzerland,Australia,1.86,0.79,0
Switzerland,Germany,1.23,1.88,0
Switzerland,Ivory Coast,1.28,1.19,0
Switzerland,Ecuador,1.38,1.31,0
Switzerland,Netherlands,1.09,1.57,0
Switzerland,Japan,1.5,1.11,0
Switzerland,Sweden,1.19,1.18,0
Switzerland,Belgium,1.27,1.52,0
Switzerland,Egypt,1.78,0.75,0
Switzerland,Spain,0.76,1.88,0
Switzerland,Cape Verde,1.94,0.68,0
Switzerland,France,0.68,1.7,0
Switzerland,Senegal,1.38,0.87,0
Switzerland,Norway,1.19,1.17,0
Switzerland,Argentina,0.83,1.57,0
Switzerland,Algeria,1.59,1.22,0
Switzerland,Austria,1.61,0.98,0
Switzerland,Portugal,0.88,1.61,0
Switzerland,DR Congo,2.32,0.65,0
Switzerland,Colombia,1.09,1.13,0
Switzerland,England,0.73,1.71,0
Switzerland,Croatia,1.32,1.22,0
Switzerland,Ghana,1.62,0.86,0
Brazil,Morocco,1.89,0.6,0
Brazil,United States,2.17,0.54,0
Brazil,Paraguay,2.21,0.52,0
Brazil,Australia,2.68,0.44,0
Brazil,Germany,1.44,1.27,0
Brazil,Ivory Coast,2.21,0.55,0
Brazil,Ecuador,2.07,0.66,0
Brazil,Netherlands,1.37,0.99,0
Brazil,Japan,2.38,0.52,0
Brazil,Sweden,1.77,0.65,0
Brazil,Belgium,1.98,0.68,0
Brazil,Egypt,2.64,0.43,0
Brazil,Spain,1.08,1.27,0
Brazil,Cape Verde,2.86,0.39,0
Brazil,France,0.87,1.29,0
Brazil,Senegal,2.18,0.52,0
Brazil,Norway,1.96,0.61,0
Brazil,Argentina,1.54,0.75,0
Brazil,Algeria,2.51,0.55,0
Brazil,Austria,2.39,0.51,0
Brazil,Portugal,1.47,0.8,0
Brazil,DR Congo,3.52,0.32,0
Brazil,Colombia,1.58,0.71,0
Brazil,England,1.02,1.2,0
Brazil,Croatia,2.07,0.6,0
Brazil,Ghana,2.46,0.48,0
Morocco,United States,1.39,0.79,0
Morocco,Paraguay,1.46,0.76,0
Morocco,Australia,1.58,0.72,0
Morocco,Germany,0.86,1.87,0
Morocco,Ivory Coast,1.37,0.81,0
Morocco,Ecuador,1.22,1.08,0
Morocco,Netherlands,0.83,1.59,0
Morocco,Japan,1.41,0.81,0
Morocco,Sweden,1.27,0.89,0
Morocco,Belgium,1.04,1.33,0
Morocco,Egypt,1.61,0.7,0
Morocco,Spain,0.66,1.81,0
Morocco,Cape Verde,1.81,0.63,0
Morocco,France,0.62,1.83,0
Morocco,Senegal,1.49,0.74,0
Morocco,Norway,1.2,0.96,0
Morocco,Argentina,0.72,1.58,0
Morocco,Algeria,1.45,0.87,0
Morocco,Austria,1.47,0.77,0
Morocco,Portugal,0.72,1.62,0
Morocco,DR Congo,1.91,0.61,0
Morocco,Colombia,1.07,1.09,0
Morocco,England,0.66,1.76,0
Morocco,Croatia,1.33,0.87,0
Morocco,Ghana,1.61,0.7,0
United States,Paraguay,1.42,0.83,0
United States,Australia,1.79,0.79,0
United States,Germany,0.88,2.36,0
United States,Ivory Coast,1.24,1.17,0
United States,Ecuador,1.3,1.31,0
United States,Netherlands,0.82,1.88,0
United States,Japan,1.42,1.11,0
United States,Sweden,1.06,1.22,0
United States,Belgium,0.99,1.79,0
United States,Egypt,1.73,0.74,0
United States,Spain,0.59,2.28,0
United States,Cape Verde,1.94,0.66,0
United States,France,0.56,2.05,0
United States,Senegal,1.29,0.89,0
United States,Norway,0.98,1.27,0
United States,Argentina,0.67,1.82,0
United States,Algeria,1.57,1.22,0
United States,Austria,1.55,0.99,0
United States,Portugal,0.68,1.94,0
United States,DR Congo,2.48,0.62,0
United States,Colombia,0.88,1.28,0
United States,England,0.59,2.07,0
United States,Croatia,1.2,1.25,0
United States,Ghana,1.58,0.86,0
Paraguay,Australia,1.12,1.13,0
Paraguay,Germany,0.72,2.42,0
Paraguay,Ivory Coast,0.95,1.28,0
Paraguay,Ecuador,0.95,1.47,0
Paraguay,Netherlands,0.73,1.87,0
Paraguay,Japan,0.94,1.37,0
Paraguay,Sweden,0.79,1.42,0
Paraguay,Belgium,0.81,1.81,0
Paraguay,Egypt,1.18,1.02,0
Paraguay,Spain,0.56,2.23,0
Paraguay,Cape Verde,1.41,0.81,0
Paraguay,France,0.53,2.13,0
Paraguay,Senegal,0.9,1.25,0
Paraguay,Norway,0.82,1.34,0
Paraguay,Argentina,0.64,1.81,0
Paraguay,Algeria,1.19,1.28,0
Paraguay,Austria,1.07,1.24,0
Paraguay,Portugal,0.62,1.95,0
Paraguay,DR Congo,1.45,0.87,0
Paraguay,Colombia,0.79,1.39,0
Paraguay,England,0.57,2.05,0
Paraguay,Croatia,0.85,1.42,0
Paraguay,Ghana,1.12,1.11,0
Australia,Germany,0.64,3.07,0
Australia,Ivory Coast,0.89,1.56,0
Australia,Ecuador,0.92,1.84,0
Australia,Netherlands,0.67,2.39,0
Australia,Japan,0.93,1.66,0
Australia,Sweden,0.73,1.74,0
Australia,Belgium,0.75,2.33,0
Australia,Egypt,1.29,0.98,0
Australia,Spain,0.49,2.82,0
Australia,Cape Verde,1.73,0.72,0
Australia,France,0.46,2.48,0
Australia,Senegal,0.83,1.32,0
Australia,Norway,0.77,1.57,0
Australia,Argentina,0.57,2.21,0
Australia,Algeria,1.23,1.56,0
Australia,Austria,1.03,1.54,0
Australia,Portugal,0.55,2.5,0
Australia,DR Congo,1.93,0.78,0
Australia,Colombia,0.75,1.51,0
Australia,England,0.49,2.57,0
Australia,Croatia,0.83,1.73,0
Australia,Ghana,1.21,1.13,0
Germany,Ivory Coast,2.46,0.91,0
Germany,Ecuador,2.27,1.23,0
Germany,Netherlands,1.59,1.52,0
Germany,Japan,2.66,0.87,0
Germany,Sweden,1.81,1.1,0
Germany,Belgium,2.09,1.38,0
Germany,Egypt,3.01,0.59,0
Germany,Spain,1.28,1.7,0
Germany,Cape Verde,3.2,0.54,0
Germany,France,1.05,1.41,0
Germany,Senegal,2.2,0.72,0
Germany,Norway,2.1,0.98,0
Germany,Argentina,1.49,1.33,0
Germany,Algeria,2.84,1.0,0
Germany,Austria,2.73,0.82,0
Germany,Portugal,1.53,1.4,0
Germany,DR Congo,3.98,0.48,0
Germany,Colombia,1.38,1.08,0
Germany,England,1.19,1.52,0
Germany,Croatia,2.24,1.04,0
Germany,Ghana,2.74,0.72,0
Ivory Coast,Ecuador,1.29,1.34,0
Ivory Coast,Netherlands,0.84,1.98,0
Ivory Coast,Japan,1.28,1.22,0
Ivory Coast,Sweden,1.12,1.19,0
Ivory Coast,Belgium,1.08,1.72,0
Ivory Coast,Egypt,1.51,0.82,0
Ivory Coast,Spain,0.6,2.37,0
Ivory Coast,Cape Verde,1.66,0.74,0
Ivory Coast,France,0.57,2.03,0
Ivory Coast,Senegal,1.21,0.98,0
Ivory Coast,Norway,1.08,1.2,0
Ivory Coast,Argentina,0.67,1.91,0
Ivory Coast,Algeria,1.42,1.31,0
Ivory Coast,Austria,1.35,1.13,0
Ivory Coast,Portugal,0.69,2.01,0
Ivory Coast,DR Congo,1.91,0.75,0
Ivory Coast,Colombia,0.98,1.21,0
Ivory Coast,England,0.6,2.12,0
Ivory Coast,Croatia,1.21,1.25,0
Ivory Coast,Ghana,1.4,0.96,0
Ecuador,Netherlands,1.14,1.82,0
Ecuador,Japan,1.44,1.33,0
Ecuador,Sweden,1.23,1.27,0
Ecuador,Belgium,1.35,1.68,0
Ecuador,Egypt,1.82,0.81,0
Ecuador,Spain,0.8,2.17,0
Ecuador,Cape Verde,2.18,0.66,0
Ecuador,France,0.67,1.87,0
Ecuador,Senegal,1.29,1.01,0
Ecuador,Norway,1.25,1.23,0
Ecuador,Argentina,0.88,1.75,0
Ecuador,Algeria,1.65,1.39,0
Ecuador,Austria,1.56,1.21,0
Ecuador,Portugal,0.9,1.9,0
Ecuador,DR Congo,2.65,0.65,0
Ecuador,Colombia,1.12,1.13,0
Ecuador,England,0.76,1.95,0
Ecuador,Croatia,1.35,1.35,0
Ecuador,Ghana,1.84,0.85,0
Netherlands,Japan,2.09,0.84,0
Netherlands,Sweden,1.55,0.98,0
Netherlands,Belgium,1.76,1.19,0
Netherlands,Egypt,2.3,0.63,0
Netherlands,Spain,1.17,1.39,0
Netherlands,Cape Verde,2.61,0.55,0
Netherlands,France,0.92,1.32,0
Netherlands,Senegal,1.81,0.71,0
Netherlands,Norway,1.73,0.91,0
Netherlands,Argentina,1.23,1.21,0
Netherlands,Algeria,2.19,0.98,0
Netherlands,Austria,2.14,0.8,0
Netherlands,Portugal,1.27,1.25,0
Netherlands,DR Congo,3.23,0.51,0
Netherlands,Colombia,1.2,1.05,0
Netherlands,England,1.11,1.25,0
Netherlands,Croatia,1.83,0.95,0
Netherlands,Ghana,2.23,0.69,0
Japan,Sweden,1.03,1.36,0
Japan,Belgium,0.99,2.03,0
Japan,Egypt,1.65,0.82,0
Japan,Spain,0.6,2.48,0
Japan,Cape Verde,2.06,0.65,0
Japan,France,0.54,2.19,0
Japan,Senegal,1.17,1.05,0
Japan,Norway,1.03,1.32,0
Japan,Argentina,0.69,1.94,0
Japan,Algeria,1.51,1.35,0
Japan,Austria,1.4,1.22,0
Japan,Portugal,0.67,2.2,0
Japan,DR Congo,2.46,0.65,0
Japan,Colombia,0.9,1.29,0
Japan,England,0.59,2.24,0
Japan,Croatia,1.18,1.41,0
Japan,Ghana,1.6,0.88,0
Sweden,Belgium,1.18,1.39,0
Sweden,Egypt,1.68,0.71,0
Sweden,Spain,0.7,1.84,0
Sweden,Cape Verde,1.8,0.66,0
Sweden,France,0.67,1.71,0
Sweden,Senegal,1.29,0.88,0
Sweden,Norway,1.12,1.12,0
Sweden,Argentina,0.74,1.59,0
Sweden,Algeria,1.48,1.1,0
Sweden,Austria,1.46,0.91,0
Sweden,Portugal,0.8,1.56,0
Sweden,DR Congo,2.25,0.61,0
Sweden,Colombia,1.04,1.16,0
Sweden,England,0.71,1.66,0
Sweden,Croatia,1.2,1.17,0
Sweden,Ghana,1.52,0.8,0
Belgium,Egypt,2.26,0.69,0
Belgium,Spain,0.78,2.16,0
Belgium,Cape Verde,2.48,0.62,0
Belgium,France,0.67,1.84,0
Belgium,Senegal,1.73,0.78,0
Belgium,Norway,1.4,1.18,0
Belgium,Argentina,0.88,1.72,0
Belgium,Algeria,2.11,1.18,0
Belgium,Austria,2.05,0.96,0
Belgium,Portugal,0.97,1.77,0
Belgium,DR Congo,3.19,0.56,0
Belgium,Colombia,1.15,1.13,0
Belgium,England,0.73,1.96,0
Belgium,Croatia,1.73,1.14,0
Belgium,Ghana,2.13,0.8,0
Egypt,Spain,0.47,2.75,0
Egypt,Cape Verde,1.5,0.76,0
Egypt,France,0.46,2.44,0
Egypt,Senegal,0.8,1.37,0
Egypt,Norway,0.76,1.51,0
Egypt,Argentina,0.55,2.17,0
Egypt,Algeria,1.07,1.52,0
Egypt,Austria,0.93,1.49,0
Egypt,Portugal,0.53,2.42,0
Egypt,DR Congo,1.6,0.83,0
Egypt,Colombia,0.72,1.56,0
Egypt,England,0.48,2.52,0
Egypt,Croatia,0.76,1.68,0
Egypt,Ghana,1.12,1.12,0
Spain,Cape Verde,3.18,0.39,0
Spain,France,0.96,1.23,0
Spain,Senegal,2.18,0.55,0
Spain,Norway,2.04,0.67,0
Spain,Argentina,1.55,0.84,0
Spain,Algeria,2.68,0.64,0
Spain,Austria,2.57,0.57,0
Spain,Portugal,1.49,0.96,0
Spain,DR Congo,3.81,0.35,0
Spain,Colombia,1.46,0.78,0
Spain,England,1.14,1.14,0
Spain,Croatia,2.19,0.67,0
Spain,Ghana,2.71,0.5,0
Cape Verde,France,0.41,2.68,0
Cape Verde,Senegal,0.75,1.47,0
Cape Verde,Norway,0.68,1.68,0
Cape Verde,Argentina,0.48,2.47,0
Cape Verde,Algeria,0.83,1.89,0
Cape Verde,Austria,0.78,1.7,0
Cape Verde,Portugal,0.47,2.68,0
Cape Verde,DR Congo,1.14,1.2,0
Cape Verde,Colombia,0.63,1.8,0
Cape Verde,England,0.41,2.86,0
Cape Verde,Croatia,0.68,1.85,0
Cape Verde,Ghana,0.91,1.32,0
France,Senegal,2.1,0.54,0
France,Norway,1.84,0.63,0
France,Argentina,1.51,0.74,0
France,Algeria,2.23,0.57,0
France,Austria,2.21,0.53,0
France,Portugal,1.42,0.79,0
France,DR Congo,3.09,0.36,0
France,Colombia,1.56,0.71,0
France,England,1.26,0.91,0
France,Croatia,1.91,0.61,0
France,Ghana,2.27,0.5,0
Senegal,Norway,0.82,1.34,0
Senegal,Argentina,0.63,1.82,0
Senegal,Algeria,1.18,1.17,0
Senegal,Austria,1.18,1.04,0
Senegal,Portugal,0.63,1.86,0
Senegal,DR Congo,1.52,0.75,0
Senegal,Colombia,0.79,1.38,0
Senegal,England,0.57,2.05,0
Senegal,Croatia,0.9,1.3,0
Senegal,Ghana,1.25,0.92,0
Norway,Argentina,0.73,1.68,0
Norway,Algeria,1.36,1.16,0
Norway,Austria,1.4,0.92,0
Norway,Portugal,0.75,1.76,0
Norway,DR Congo,1.9,0.66,0
Norway,Colombia,1.08,1.14,0
Norway,England,0.65,1.89,0
Norway,Croatia,1.2,1.13,0
Norway,Ghana,1.45,0.8,0
Argentina,Algeria,2.08,0.74,0
Argentina,Austria,2.0,0.66,0
Argentina,Portugal,1.15,1.18,0
Argentina,DR Congo,2.95,0.44,0
Argentina,Colombia,1.33,0.84,0
Argentina,England,0.8,1.47,0
Argentina,Croatia,1.75,0.75,0
Argentina,Ghana,2.22,0.56,0
Algeria,Austria,1.4,1.44,0
Algeria,Portugal,0.73,2.36,0
Algeria,DR Congo,2.15,0.93,0
Algeria,Colombia,0.96,1.29,0
Algeria,England,0.63,2.42,0
Algeria,Croatia,1.28,1.53,0
Algeria,Ghana,1.47,1.18,0
Austria,Portugal,0.65,2.22,0
Austria,DR Congo,1.97,0.82,0
Austria,Colombia,0.81,1.38,0
Austria,England,0.56,2.32,0
Austria,Croatia,1.05,1.5,0
Austria,Ghana,1.35,1.09,0
Portugal,DR Congo,3.35,0.42,0
Portugal,Colombia,1.34,0.84,0
Portugal,England,0.88,1.41,0
Portugal,Croatia,1.89,0.76,0
Portugal,Ghana,2.26,0.59,0
DR Congo,Colombia,0.61,1.93,0
DR Congo,England,0.36,3.43,0
DR Congo,Croatia,0.68,2.16,0
DR Congo,Ghana,1.01,1.37,0
Colombia,England,0.77,1.45,0
Colombia,Croatia,1.19,1.01,0
Colombia,Ghana,1.5,0.75,0
England,Croatia,1.95,0.66,0
England,Ghana,2.37,0.52,0
Croatia,Ghana,1.62,0.83,0
